Gender,Age,Weight,Height,BMI,Physical_Activity,Cholesterol,Strict_Diet
M,25,70,170,24.2,3,180,0
F,34,65,165,23.9,5,170,0
M,29,85,180,26.2,2,250,1
F,45,55,155,22.9,7,210,0
M,50,90,185,26.3,1,260,1
F,37,62,162,23.6,5,190,0
M,42,95,190,26.3,1,270,1
F,28,59,158,23.6,4,200,0
M,30,88,178,27.8,2,255,1
F,52,72,172,24.3,6,220,0
M,31,66,167,23.7,5,230,0
F,39,68,168,24.1,5,240,1
M,55,78,175,25.5,4,260,1
F,41,80,182,24.2,3,250,1
M,33,69,169,24.2,4,235,0
F,48,82,181,25.0,2,245,1
M,29,75,174,24.7,5,195,0
F,36,64,164,23.8,6,205,0
M,46,94,189,26.4,1,265,1
F,51,83,177,26.5,3,275,1
M,38,60,160,23.4,6,185,0
F,32,73,173,24.4,4,200,0
M,40,81,179,25.3,3,260,1
F,27,58,159,23.0,7,210,0
M,53,84,176,27.1,2,250,1
F,47,61,161,23.6,5,195,0
M,44,91,187,26.1,1,270,1
F,49,74,171,25.3,4,230,1
M,26,76,166,27.6,6,190,0
F,54,79,183,23.6,3,255,1
M,35,63,163,23.7,5,175,0
F,43,67,174,22.1,5,225,0
M,37,85,178,26.8,2,255,1
F,50,92,186,26.6,1,275,1
M,29,65,168,23.0,6,180,0
F,30,71,170,24.6,4,220,0
M,40,89,181,27.1,2,250,1
F,45,77,176,24.9,5,260,1
M,34,69,167,24.7,5,230,0
F,32,66,165,24.2,6,200,0
M,46,93,188,26.4,2,265,1
F,28,58,156,23.9,7,210,0
M,52,83,184,26.1,3,260,1
F,55,72,177,23.0,1,245,1
M,30,61,159,24.1,5,180,0
F,44,79,175,25.7,4,225,0
M,41,68,169,24.7,3,250,1
F,50,87,185,25.4,1,270,1
M,35,74,173,26.5,4,240,1
F,33,64,164,24.7,6,200,0
